"TimeID";"Day";"Week";"Month";"Season";"Quarter";"Year"
1;1;"Thursday";"January";"Summer";1;2015
2;2;"Friday";"January";"Summer";1;2015
3;3;"Saturday";"January";"Summer";1;2015
4;4;"Sunday";"January";"Summer";1;2015
5;5;"Monday";"January";"Summer";1;2015
6;6;"Tuesday";"January";"Summer";1;2015
7;7;"Wednesday";"January";"Summer";1;2015
8;8;"Thursday";"January";"Summer";1;2015
9;9;"Friday";"January";"Summer";1;2015
10;10;"Saturday";"January";"Summer";1;2015
11;11;"Sunday";"January";"Summer";1;2015
12;12;"Monday";"January";"Summer";1;2015
13;13;"Tuesday";"January";"Summer";1;2015
14;14;"Wednesday";"January";"Summer";1;2015
15;15;"Thursday";"January";"Summer";1;2015
16;16;"Friday";"January";"Summer";1;2015
17;17;"Saturday";"January";"Summer";1;2015
18;18;"Sunday";"January";"Summer";1;2015
19;19;"Monday";"January";"Summer";1;2015
20;20;"Tuesday";"January";"Summer";1;2015
21;21;"Wednesday";"January";"Summer";1;2015
22;22;"Thursday";"January";"Summer";1;2015
23;23;"Friday";"January";"Summer";1;2015
24;24;"Saturday";"January";"Summer";1;2015
25;25;"Sunday";"January";"Summer";1;2015
26;26;"Monday";"January";"Summer";1;2015
27;27;"Tuesday";"January";"Summer";1;2015
28;28;"Wednesday";"January";"Summer";1;2015
29;29;"Thursday";"January";"Summer";1;2015
30;30;"Friday";"January";"Summer";1;2015
31;31;"Saturday";"January";"Summer";1;2015
32;1;"Sunday";"February";"Summer";1;2015
33;2;"Monday";"February";"Summer";1;2015
34;3;"Tuesday";"February";"Summer";1;2015
35;4;"Wednesday";"February";"Summer";1;2015
36;5;"Thursday";"February";"Summer";1;2015
37;6;"Friday";"February";"Summer";1;2015
38;7;"Saturday";"February";"Summer";1;2015
39;8;"Sunday";"February";"Summer";1;2015
40;9;"Monday";"February";"Summer";1;2015
41;10;"Tuesday";"February";"Summer";1;2015
42;11;"Wednesday";"February";"Summer";1;2015
43;12;"Thursday";"February";"Summer";1;2015
44;13;"Friday";"February";"Summer";1;2015
45;14;"Saturday";"February";"Summer";1;2015
46;15;"Sunday";"February";"Summer";1;2015
47;16;"Monday";"February";"Summer";1;2015
48;17;"Tuesday";"February";"Summer";1;2015
49;18;"Wednesday";"February";"Summer";1;2015
50;19;"Thursday";"February";"Summer";1;2015
51;20;"Friday";"February";"Summer";1;2015
52;21;"Saturday";"February";"Summer";1;2015
53;22;"Sunday";"February";"Summer";1;2015
54;23;"Monday";"February";"Summer";1;2015
55;24;"Tuesday";"February";"Summer";1;2015
56;25;"Wednesday";"February";"Summer";1;2015
57;26;"Thursday";"February";"Summer";1;2015
58;27;"Friday";"February";"Summer";1;2015
59;28;"Saturday";"February";"Summer";1;2015
60;1;"Sunday";"March";"Autumn";1;2015
61;2;"Monday";"March";"Autumn";1;2015
62;3;"Tuesday";"March";"Autumn";1;2015
63;4;"Wednesday";"March";"Autumn";1;2015
64;5;"Thursday";"March";"Autumn";1;2015
65;6;"Friday";"March";"Autumn";1;2015
66;7;"Saturday";"March";"Autumn";1;2015
67;8;"Sunday";"March";"Autumn";1;2015
68;9;"Monday";"March";"Autumn";1;2015
69;10;"Tuesday";"March";"Autumn";1;2015
70;11;"Wednesday";"March";"Autumn";1;2015
71;12;"Thursday";"March";"Autumn";1;2015
72;13;"Friday";"March";"Autumn";1;2015
73;14;"Saturday";"March";"Autumn";1;2015
74;15;"Sunday";"March";"Autumn";1;2015
75;16;"Monday";"March";"Autumn";1;2015
76;17;"Tuesday";"March";"Autumn";1;2015
77;18;"Wednesday";"March";"Autumn";1;2015
78;19;"Thursday";"March";"Autumn";1;2015
79;20;"Friday";"March";"Autumn";1;2015
80;21;"Saturday";"March";"Autumn";1;2015
81;22;"Sunday";"March";"Autumn";1;2015
82;23;"Monday";"March";"Autumn";1;2015
83;24;"Tuesday";"March";"Autumn";1;2015
84;25;"Wednesday";"March";"Autumn";1;2015
85;26;"Thursday";"March";"Autumn";1;2015
86;27;"Friday";"March";"Autumn";1;2015
87;28;"Saturday";"March";"Autumn";1;2015
88;29;"Sunday";"March";"Autumn";1;2015
89;30;"Monday";"March";"Autumn";1;2015
90;31;"Tuesday";"March";"Autumn";1;2015
91;1;"Wednesday";"April";"Autumn";2;2015
92;2;"Thursday";"April";"Autumn";2;2015
93;3;"Friday";"April";"Autumn";2;2015
94;4;"Saturday";"April";"Autumn";2;2015
95;5;"Sunday";"April";"Autumn";2;2015
96;6;"Monday";"April";"Autumn";2;2015
97;7;"Tuesday";"April";"Autumn";2;2015
98;8;"Wednesday";"April";"Autumn";2;2015
99;9;"Thursday";"April";"Autumn";2;2015
100;10;"Friday";"April";"Autumn";2;2015
101;11;"Saturday";"April";"Autumn";2;2015
102;12;"Sunday";"April";"Autumn";2;2015
103;13;"Monday";"April";"Autumn";2;2015
104;14;"Tuesday";"April";"Autumn";2;2015
105;15;"Wednesday";"April";"Autumn";2;2015
106;16;"Thursday";"April";"Autumn";2;2015
107;17;"Friday";"April";"Autumn";2;2015
108;18;"Saturday";"April";"Autumn";2;2015
109;19;"Sunday";"April";"Autumn";2;2015
110;20;"Monday";"April";"Autumn";2;2015
111;21;"Tuesday";"April";"Autumn";2;2015
112;22;"Wednesday";"April";"Autumn";2;2015
113;23;"Thursday";"April";"Autumn";2;2015
114;24;"Friday";"April";"Autumn";2;2015
115;25;"Saturday";"April";"Autumn";2;2015
116;26;"Sunday";"April";"Autumn";2;2015
117;27;"Monday";"April";"Autumn";2;2015
118;28;"Tuesday";"April";"Autumn";2;2015
119;29;"Wednesday";"April";"Autumn";2;2015
120;30;"Thursday";"April";"Autumn";2;2015
121;1;"Friday";"May";"Autumn";2;2015
122;2;"Saturday";"May";"Autumn";2;2015
123;3;"Sunday";"May";"Autumn";2;2015
124;4;"Monday";"May";"Autumn";2;2015
125;5;"Tuesday";"May";"Autumn";2;2015
126;6;"Wednesday";"May";"Autumn";2;2015
127;7;"Thursday";"May";"Autumn";2;2015
128;8;"Friday";"May";"Autumn";2;2015
129;9;"Saturday";"May";"Autumn";2;2015
130;10;"Sunday";"May";"Autumn";2;2015
131;11;"Monday";"May";"Autumn";2;2015
132;12;"Tuesday";"May";"Autumn";2;2015
133;13;"Wednesday";"May";"Autumn";2;2015
134;14;"Thursday";"May";"Autumn";2;2015
135;15;"Friday";"May";"Autumn";2;2015
136;16;"Saturday";"May";"Autumn";2;2015
137;17;"Sunday";"May";"Autumn";2;2015
138;18;"Monday";"May";"Autumn";2;2015
139;19;"Tuesday";"May";"Autumn";2;2015
140;20;"Wednesday";"May";"Autumn";2;2015
141;21;"Thursday";"May";"Autumn";2;2015
142;22;"Friday";"May";"Autumn";2;2015
143;23;"Saturday";"May";"Autumn";2;2015
144;24;"Sunday";"May";"Autumn";2;2015
145;25;"Monday";"May";"Autumn";2;2015
146;26;"Tuesday";"May";"Autumn";2;2015
147;27;"Wednesday";"May";"Autumn";2;2015
148;28;"Thursday";"May";"Autumn";2;2015
149;29;"Friday";"May";"Autumn";2;2015
150;30;"Saturday";"May";"Autumn";2;2015
151;31;"Sunday";"May";"Autumn";2;2015
152;1;"Monday";"June";"Winter";2;2015
153;2;"Tuesday";"June";"Winter";2;2015
154;3;"Wednesday";"June";"Winter";2;2015
155;4;"Thursday";"June";"Winter";2;2015
156;5;"Friday";"June";"Winter";2;2015
157;6;"Saturday";"June";"Winter";2;2015
158;7;"Sunday";"June";"Winter";2;2015
159;8;"Monday";"June";"Winter";2;2015
160;9;"Tuesday";"June";"Winter";2;2015
161;10;"Wednesday";"June";"Winter";2;2015
162;11;"Thursday";"June";"Winter";2;2015
163;12;"Friday";"June";"Winter";2;2015
164;13;"Saturday";"June";"Winter";2;2015
165;14;"Sunday";"June";"Winter";2;2015
166;15;"Monday";"June";"Winter";2;2015
167;16;"Tuesday";"June";"Winter";2;2015
168;17;"Wednesday";"June";"Winter";2;2015
169;18;"Thursday";"June";"Winter";2;2015
170;19;"Friday";"June";"Winter";2;2015
171;20;"Saturday";"June";"Winter";2;2015
172;21;"Sunday";"June";"Winter";2;2015
173;22;"Monday";"June";"Winter";2;2015
174;23;"Tuesday";"June";"Winter";2;2015
175;24;"Wednesday";"June";"Winter";2;2015
176;25;"Thursday";"June";"Winter";2;2015
177;26;"Friday";"June";"Winter";2;2015
178;27;"Saturday";"June";"Winter";2;2015
179;28;"Sunday";"June";"Winter";2;2015
180;29;"Monday";"June";"Winter";2;2015
181;30;"Tuesday";"June";"Winter";2;2015
182;1;"Wednesday";"July";"Winter";3;2015
183;2;"Thursday";"July";"Winter";3;2015
184;3;"Friday";"July";"Winter";3;2015
185;4;"Saturday";"July";"Winter";3;2015
186;5;"Sunday";"July";"Winter";3;2015
187;6;"Monday";"July";"Winter";3;2015
188;7;"Tuesday";"July";"Winter";3;2015
189;8;"Wednesday";"July";"Winter";3;2015
190;9;"Thursday";"July";"Winter";3;2015
191;10;"Friday";"July";"Winter";3;2015
192;11;"Saturday";"July";"Winter";3;2015
193;12;"Sunday";"July";"Winter";3;2015
194;13;"Monday";"July";"Winter";3;2015
195;14;"Tuesday";"July";"Winter";3;2015
196;15;"Wednesday";"July";"Winter";3;2015
197;16;"Thursday";"July";"Winter";3;2015
198;17;"Friday";"July";"Winter";3;2015
199;18;"Saturday";"July";"Winter";3;2015
200;19;"Sunday";"July";"Winter";3;2015
201;20;"Monday";"July";"Winter";3;2015
202;21;"Tuesday";"July";"Winter";3;2015
203;22;"Wednesday";"July";"Winter";3;2015
204;23;"Thursday";"July";"Winter";3;2015
205;24;"Friday";"July";"Winter";3;2015
206;25;"Saturday";"July";"Winter";3;2015
207;26;"Sunday";"July";"Winter";3;2015
208;27;"Monday";"July";"Winter";3;2015
209;28;"Tuesday";"July";"Winter";3;2015
210;29;"Wednesday";"July";"Winter";3;2015
211;30;"Thursday";"July";"Winter";3;2015
212;31;"Friday";"July";"Winter";3;2015
213;1;"Saturday";"August";"Winter";3;2015
214;2;"Sunday";"August";"Winter";3;2015
215;3;"Monday";"August";"Winter";3;2015
216;4;"Tuesday";"August";"Winter";3;2015
217;5;"Wednesday";"August";"Winter";3;2015
218;6;"Thursday";"August";"Winter";3;2015
219;7;"Friday";"August";"Winter";3;2015
220;8;"Saturday";"August";"Winter";3;2015
221;9;"Sunday";"August";"Winter";3;2015
222;10;"Monday";"August";"Winter";3;2015
223;11;"Tuesday";"August";"Winter";3;2015
224;12;"Wednesday";"August";"Winter";3;2015
225;13;"Thursday";"August";"Winter";3;2015
226;14;"Friday";"August";"Winter";3;2015
227;15;"Saturday";"August";"Winter";3;2015
228;16;"Sunday";"August";"Winter";3;2015
229;17;"Monday";"August";"Winter";3;2015
230;18;"Tuesday";"August";"Winter";3;2015
231;19;"Wednesday";"August";"Winter";3;2015
232;20;"Thursday";"August";"Winter";3;2015
233;21;"Friday";"August";"Winter";3;2015
234;22;"Saturday";"August";"Winter";3;2015
235;23;"Sunday";"August";"Winter";3;2015
236;24;"Monday";"August";"Winter";3;2015
237;25;"Tuesday";"August";"Winter";3;2015
238;26;"Wednesday";"August";"Winter";3;2015
239;27;"Thursday";"August";"Winter";3;2015
240;28;"Friday";"August";"Winter";3;2015
241;29;"Saturday";"August";"Winter";3;2015
242;30;"Sunday";"August";"Winter";3;2015
243;31;"Monday";"August";"Winter";3;2015
244;1;"Tuesday";"September";"Spring";3;2015
245;2;"Wednesday";"September";"Spring";3;2015
246;3;"Thursday";"September";"Spring";3;2015
247;4;"Friday";"September";"Spring";3;2015
248;5;"Saturday";"September";"Spring";3;2015
249;6;"Sunday";"September";"Spring";3;2015
250;7;"Monday";"September";"Spring";3;2015
251;8;"Tuesday";"September";"Spring";3;2015
252;9;"Wednesday";"September";"Spring";3;2015
253;10;"Thursday";"September";"Spring";3;2015
254;11;"Friday";"September";"Spring";3;2015
255;12;"Saturday";"September";"Spring";3;2015
256;13;"Sunday";"September";"Spring";3;2015
257;14;"Monday";"September";"Spring";3;2015
258;15;"Tuesday";"September";"Spring";3;2015
259;16;"Wednesday";"September";"Spring";3;2015
260;17;"Thursday";"September";"Spring";3;2015
261;18;"Friday";"September";"Spring";3;2015
262;19;"Saturday";"September";"Spring";3;2015
263;20;"Sunday";"September";"Spring";3;2015
264;21;"Monday";"September";"Spring";3;2015
265;22;"Tuesday";"September";"Spring";3;2015
266;23;"Wednesday";"September";"Spring";3;2015
267;24;"Thursday";"September";"Spring";3;2015
268;25;"Friday";"September";"Spring";3;2015
269;26;"Saturday";"September";"Spring";3;2015
270;27;"Sunday";"September";"Spring";3;2015
271;28;"Monday";"September";"Spring";3;2015
272;29;"Tuesday";"September";"Spring";3;2015
273;30;"Wednesday";"September";"Spring";3;2015
274;1;"Thursday";"October";"Spring";4;2015
275;2;"Friday";"October";"Spring";4;2015
276;3;"Saturday";"October";"Spring";4;2015
277;4;"Sunday";"October";"Spring";4;2015
278;5;"Monday";"October";"Spring";4;2015
279;6;"Tuesday";"October";"Spring";4;2015
280;7;"Wednesday";"October";"Spring";4;2015
281;8;"Thursday";"October";"Spring";4;2015
282;9;"Friday";"October";"Spring";4;2015
283;10;"Saturday";"October";"Spring";4;2015
284;11;"Sunday";"October";"Spring";4;2015
285;12;"Monday";"October";"Spring";4;2015
286;13;"Tuesday";"October";"Spring";4;2015
287;14;"Wednesday";"October";"Spring";4;2015
288;15;"Thursday";"October";"Spring";4;2015
289;16;"Friday";"October";"Spring";4;2015
290;17;"Saturday";"October";"Spring";4;2015
291;18;"Sunday";"October";"Spring";4;2015
292;19;"Monday";"October";"Spring";4;2015
293;20;"Tuesday";"October";"Spring";4;2015
294;21;"Wednesday";"October";"Spring";4;2015
295;22;"Thursday";"October";"Spring";4;2015
296;23;"Friday";"October";"Spring";4;2015
297;24;"Saturday";"October";"Spring";4;2015
298;25;"Sunday";"October";"Spring";4;2015
299;26;"Monday";"October";"Spring";4;2015
300;27;"Tuesday";"October";"Spring";4;2015
301;28;"Wednesday";"October";"Spring";4;2015
302;29;"Thursday";"October";"Spring";4;2015
303;30;"Friday";"October";"Spring";4;2015
304;31;"Saturday";"October";"Spring";4;2015
305;1;"Sunday";"November";"Spring";4;2015
306;2;"Monday";"November";"Spring";4;2015
307;3;"Tuesday";"November";"Spring";4;2015
308;4;"Wednesday";"November";"Spring";4;2015
309;5;"Thursday";"November";"Spring";4;2015
310;6;"Friday";"November";"Spring";4;2015
311;7;"Saturday";"November";"Spring";4;2015
312;8;"Sunday";"November";"Spring";4;2015
313;9;"Monday";"November";"Spring";4;2015
314;10;"Tuesday";"November";"Spring";4;2015
315;11;"Wednesday";"November";"Spring";4;2015
316;12;"Thursday";"November";"Spring";4;2015
317;13;"Friday";"November";"Spring";4;2015
318;14;"Saturday";"November";"Spring";4;2015
319;15;"Sunday";"November";"Spring";4;2015
320;16;"Monday";"November";"Spring";4;2015
321;17;"Tuesday";"November";"Spring";4;2015
322;18;"Wednesday";"November";"Spring";4;2015
323;19;"Thursday";"November";"Spring";4;2015
324;20;"Friday";"November";"Spring";4;2015
325;21;"Saturday";"November";"Spring";4;2015
326;22;"Sunday";"November";"Spring";4;2015
327;23;"Monday";"November";"Spring";4;2015
328;24;"Tuesday";"November";"Spring";4;2015
329;25;"Wednesday";"November";"Spring";4;2015
330;26;"Thursday";"November";"Spring";4;2015
331;27;"Friday";"November";"Spring";4;2015
332;28;"Saturday";"November";"Spring";4;2015
333;29;"Sunday";"November";"Spring";4;2015
334;30;"Monday";"November";"Spring";4;2015
335;1;"Tuesday";"December";"Summer";4;2015
336;2;"Wednesday";"December";"Summer";4;2015
337;3;"Thursday";"December";"Summer";4;2015
338;4;"Friday";"December";"Summer";4;2015
339;5;"Saturday";"December";"Summer";4;2015
340;6;"Sunday";"December";"Summer";4;2015
341;7;"Monday";"December";"Summer";4;2015
342;8;"Tuesday";"December";"Summer";4;2015
343;9;"Wednesday";"December";"Summer";4;2015
344;10;"Thursday";"December";"Summer";4;2015
345;11;"Friday";"December";"Summer";4;2015
346;12;"Saturday";"December";"Summer";4;2015
347;13;"Sunday";"December";"Summer";4;2015
348;14;"Monday";"December";"Summer";4;2015
349;15;"Tuesday";"December";"Summer";4;2015
350;16;"Wednesday";"December";"Summer";4;2015
351;17;"Thursday";"December";"Summer";4;2015
352;18;"Friday";"December";"Summer";4;2015
353;19;"Saturday";"December";"Summer";4;2015
354;20;"Sunday";"December";"Summer";4;2015
355;21;"Monday";"December";"Summer";4;2015
356;22;"Tuesday";"December";"Summer";4;2015
357;23;"Wednesday";"December";"Summer";4;2015
358;24;"Thursday";"December";"Summer";4;2015
359;25;"Friday";"December";"Summer";4;2015
360;26;"Saturday";"December";"Summer";4;2015
361;27;"Sunday";"December";"Summer";4;2015
362;28;"Monday";"December";"Summer";4;2015
363;29;"Tuesday";"December";"Summer";4;2015
364;30;"Wednesday";"December";"Summer";4;2015
365;31;"Thursday";"December";"Summer";4;2015
366;1;"Friday";"January";"Summer";1;2016
367;2;"Saturday";"January";"Summer";1;2016
368;3;"Sunday";"January";"Summer";1;2016
369;4;"Monday";"January";"Summer";1;2016
370;5;"Tuesday";"January";"Summer";1;2016
371;6;"Wednesday";"January";"Summer";1;2016
372;7;"Thursday";"January";"Summer";1;2016
373;8;"Friday";"January";"Summer";1;2016
374;9;"Saturday";"January";"Summer";1;2016
375;10;"Sunday";"January";"Summer";1;2016
376;11;"Monday";"January";"Summer";1;2016
377;12;"Tuesday";"January";"Summer";1;2016
378;13;"Wednesday";"January";"Summer";1;2016
379;14;"Thursday";"January";"Summer";1;2016
380;15;"Friday";"January";"Summer";1;2016
381;16;"Saturday";"January";"Summer";1;2016
382;17;"Sunday";"January";"Summer";1;2016
383;18;"Monday";"January";"Summer";1;2016
384;19;"Tuesday";"January";"Summer";1;2016
385;20;"Wednesday";"January";"Summer";1;2016
386;21;"Thursday";"January";"Summer";1;2016
387;22;"Friday";"January";"Summer";1;2016
388;23;"Saturday";"January";"Summer";1;2016
389;24;"Sunday";"January";"Summer";1;2016
390;25;"Monday";"January";"Summer";1;2016
391;26;"Tuesday";"January";"Summer";1;2016
392;27;"Wednesday";"January";"Summer";1;2016
393;28;"Thursday";"January";"Summer";1;2016
394;29;"Friday";"January";"Summer";1;2016
395;30;"Saturday";"January";"Summer";1;2016
396;31;"Sunday";"January";"Summer";1;2016
397;1;"Monday";"February";"Summer";1;2016
398;2;"Tuesday";"February";"Summer";1;2016
399;3;"Wednesday";"February";"Summer";1;2016
400;4;"Thursday";"February";"Summer";1;2016
401;5;"Friday";"February";"Summer";1;2016
402;6;"Saturday";"February";"Summer";1;2016
403;7;"Sunday";"February";"Summer";1;2016
404;8;"Monday";"February";"Summer";1;2016
405;9;"Tuesday";"February";"Summer";1;2016
406;10;"Wednesday";"February";"Summer";1;2016
407;11;"Thursday";"February";"Summer";1;2016
408;12;"Friday";"February";"Summer";1;2016
409;13;"Saturday";"February";"Summer";1;2016
410;14;"Sunday";"February";"Summer";1;2016
411;15;"Monday";"February";"Summer";1;2016
412;16;"Tuesday";"February";"Summer";1;2016
413;17;"Wednesday";"February";"Summer";1;2016
414;18;"Thursday";"February";"Summer";1;2016
415;19;"Friday";"February";"Summer";1;2016
416;20;"Saturday";"February";"Summer";1;2016
417;21;"Sunday";"February";"Summer";1;2016
418;22;"Monday";"February";"Summer";1;2016
419;23;"Tuesday";"February";"Summer";1;2016
420;24;"Wednesday";"February";"Summer";1;2016
421;25;"Thursday";"February";"Summer";1;2016
422;26;"Friday";"February";"Summer";1;2016
423;27;"Saturday";"February";"Summer";1;2016
424;28;"Sunday";"February";"Summer";1;2016
425;1;"Tuesday";"March";"Autumn";1;2016
426;2;"Wednesday";"March";"Autumn";1;2016
427;3;"Thursday";"March";"Autumn";1;2016
428;4;"Friday";"March";"Autumn";1;2016
429;5;"Saturday";"March";"Autumn";1;2016
430;6;"Sunday";"March";"Autumn";1;2016
431;7;"Monday";"March";"Autumn";1;2016
432;8;"Tuesday";"March";"Autumn";1;2016
433;9;"Wednesday";"March";"Autumn";1;2016
434;10;"Thursday";"March";"Autumn";1;2016
435;11;"Friday";"March";"Autumn";1;2016
436;12;"Saturday";"March";"Autumn";1;2016
437;13;"Sunday";"March";"Autumn";1;2016
438;14;"Monday";"March";"Autumn";1;2016
439;15;"Tuesday";"March";"Autumn";1;2016
440;16;"Wednesday";"March";"Autumn";1;2016
441;17;"Thursday";"March";"Autumn";1;2016
442;18;"Friday";"March";"Autumn";1;2016
443;19;"Saturday";"March";"Autumn";1;2016
444;20;"Sunday";"March";"Autumn";1;2016
445;21;"Monday";"March";"Autumn";1;2016
446;22;"Tuesday";"March";"Autumn";1;2016
447;23;"Wednesday";"March";"Autumn";1;2016
448;24;"Thursday";"March";"Autumn";1;2016
449;25;"Friday";"March";"Autumn";1;2016
450;26;"Saturday";"March";"Autumn";1;2016
451;27;"Sunday";"March";"Autumn";1;2016
452;28;"Monday";"March";"Autumn";1;2016
453;29;"Tuesday";"March";"Autumn";1;2016
454;30;"Wednesday";"March";"Autumn";1;2016
455;31;"Thursday";"March";"Autumn";1;2016
456;1;"Friday";"April";"Autumn";2;2016
457;2;"Saturday";"April";"Autumn";2;2016
458;3;"Sunday";"April";"Autumn";2;2016
459;4;"Monday";"April";"Autumn";2;2016
460;5;"Tuesday";"April";"Autumn";2;2016
461;6;"Wednesday";"April";"Autumn";2;2016
462;7;"Thursday";"April";"Autumn";2;2016
463;8;"Friday";"April";"Autumn";2;2016
464;9;"Saturday";"April";"Autumn";2;2016
465;10;"Sunday";"April";"Autumn";2;2016
466;11;"Monday";"April";"Autumn";2;2016
467;12;"Tuesday";"April";"Autumn";2;2016
468;13;"Wednesday";"April";"Autumn";2;2016
469;14;"Thursday";"April";"Autumn";2;2016
470;15;"Friday";"April";"Autumn";2;2016
471;16;"Saturday";"April";"Autumn";2;2016
472;17;"Sunday";"April";"Autumn";2;2016
473;18;"Monday";"April";"Autumn";2;2016
474;19;"Tuesday";"April";"Autumn";2;2016
475;20;"Wednesday";"April";"Autumn";2;2016
476;21;"Thursday";"April";"Autumn";2;2016
477;22;"Friday";"April";"Autumn";2;2016
478;23;"Saturday";"April";"Autumn";2;2016
479;24;"Sunday";"April";"Autumn";2;2016
480;25;"Monday";"April";"Autumn";2;2016
481;26;"Tuesday";"April";"Autumn";2;2016
482;27;"Wednesday";"April";"Autumn";2;2016
483;28;"Thursday";"April";"Autumn";2;2016
484;29;"Friday";"April";"Autumn";2;2016
485;30;"Saturday";"April";"Autumn";2;2016
486;1;"Sunday";"May";"Autumn";2;2016
487;2;"Monday";"May";"Autumn";2;2016
488;3;"Tuesday";"May";"Autumn";2;2016
489;4;"Wednesday";"May";"Autumn";2;2016
490;5;"Thursday";"May";"Autumn";2;2016
491;6;"Friday";"May";"Autumn";2;2016
492;7;"Saturday";"May";"Autumn";2;2016
493;8;"Sunday";"May";"Autumn";2;2016
494;9;"Monday";"May";"Autumn";2;2016
495;10;"Tuesday";"May";"Autumn";2;2016
496;11;"Wednesday";"May";"Autumn";2;2016
497;12;"Thursday";"May";"Autumn";2;2016
498;13;"Friday";"May";"Autumn";2;2016
499;14;"Saturday";"May";"Autumn";2;2016
500;15;"Sunday";"May";"Autumn";2;2016
501;16;"Monday";"May";"Autumn";2;2016
502;17;"Tuesday";"May";"Autumn";2;2016
503;18;"Wednesday";"May";"Autumn";2;2016
504;19;"Thursday";"May";"Autumn";2;2016
505;20;"Friday";"May";"Autumn";2;2016
506;21;"Saturday";"May";"Autumn";2;2016
507;22;"Sunday";"May";"Autumn";2;2016
508;23;"Monday";"May";"Autumn";2;2016
509;24;"Tuesday";"May";"Autumn";2;2016
510;25;"Wednesday";"May";"Autumn";2;2016
511;26;"Thursday";"May";"Autumn";2;2016
512;27;"Friday";"May";"Autumn";2;2016
513;28;"Saturday";"May";"Autumn";2;2016
514;29;"Sunday";"May";"Autumn";2;2016
515;30;"Monday";"May";"Autumn";2;2016
516;31;"Tuesday";"May";"Autumn";2;2016
517;1;"Wednesday";"June";"Winter";2;2016
518;2;"Thursday";"June";"Winter";2;2016
519;3;"Friday";"June";"Winter";2;2016
520;4;"Saturday";"June";"Winter";2;2016
521;5;"Sunday";"June";"Winter";2;2016
522;6;"Monday";"June";"Winter";2;2016
523;7;"Tuesday";"June";"Winter";2;2016
524;8;"Wednesday";"June";"Winter";2;2016
525;9;"Thursday";"June";"Winter";2;2016
526;10;"Friday";"June";"Winter";2;2016
527;11;"Saturday";"June";"Winter";2;2016
528;12;"Sunday";"June";"Winter";2;2016
529;13;"Monday";"June";"Winter";2;2016
530;14;"Tuesday";"June";"Winter";2;2016
531;15;"Wednesday";"June";"Winter";2;2016
532;16;"Thursday";"June";"Winter";2;2016
533;17;"Friday";"June";"Winter";2;2016
534;18;"Saturday";"June";"Winter";2;2016
535;19;"Sunday";"June";"Winter";2;2016
536;20;"Monday";"June";"Winter";2;2016
537;21;"Tuesday";"June";"Winter";2;2016
538;22;"Wednesday";"June";"Winter";2;2016
539;23;"Thursday";"June";"Winter";2;2016
540;24;"Friday";"June";"Winter";2;2016
541;25;"Saturday";"June";"Winter";2;2016
542;26;"Sunday";"June";"Winter";2;2016
543;27;"Monday";"June";"Winter";2;2016
544;28;"Tuesday";"June";"Winter";2;2016
545;29;"Wednesday";"June";"Winter";2;2016
546;30;"Thursday";"June";"Winter";2;2016
547;1;"Friday";"July";"Winter";3;2016
548;2;"Saturday";"July";"Winter";3;2016
549;3;"Sunday";"July";"Winter";3;2016
550;4;"Monday";"July";"Winter";3;2016
551;5;"Tuesday";"July";"Winter";3;2016
552;6;"Wednesday";"July";"Winter";3;2016
553;7;"Thursday";"July";"Winter";3;2016
554;8;"Friday";"July";"Winter";3;2016
555;9;"Saturday";"July";"Winter";3;2016
556;10;"Sunday";"July";"Winter";3;2016
557;11;"Monday";"July";"Winter";3;2016
558;12;"Tuesday";"July";"Winter";3;2016
559;13;"Wednesday";"July";"Winter";3;2016
560;14;"Thursday";"July";"Winter";3;2016
561;15;"Friday";"July";"Winter";3;2016
562;16;"Saturday";"July";"Winter";3;2016
563;17;"Sunday";"July";"Winter";3;2016
564;18;"Monday";"July";"Winter";3;2016
565;19;"Tuesday";"July";"Winter";3;2016
566;20;"Wednesday";"July";"Winter";3;2016
567;21;"Thursday";"July";"Winter";3;2016
568;22;"Friday";"July";"Winter";3;2016
569;23;"Saturday";"July";"Winter";3;2016
570;24;"Sunday";"July";"Winter";3;2016
571;25;"Monday";"July";"Winter";3;2016
572;26;"Tuesday";"July";"Winter";3;2016
573;27;"Wednesday";"July";"Winter";3;2016
574;28;"Thursday";"July";"Winter";3;2016
575;29;"Friday";"July";"Winter";3;2016
576;30;"Saturday";"July";"Winter";3;2016
577;31;"Sunday";"July";"Winter";3;2016
578;1;"Monday";"August";"Winter";3;2016
579;2;"Tuesday";"August";"Winter";3;2016
580;3;"Wednesday";"August";"Winter";3;2016
581;4;"Thursday";"August";"Winter";3;2016
582;5;"Friday";"August";"Winter";3;2016
583;6;"Saturday";"August";"Winter";3;2016
584;7;"Sunday";"August";"Winter";3;2016
585;8;"Monday";"August";"Winter";3;2016
586;9;"Tuesday";"August";"Winter";3;2016
587;10;"Wednesday";"August";"Winter";3;2016
588;11;"Thursday";"August";"Winter";3;2016
589;12;"Friday";"August";"Winter";3;2016
590;13;"Saturday";"August";"Winter";3;2016
591;14;"Sunday";"August";"Winter";3;2016
592;15;"Monday";"August";"Winter";3;2016
593;16;"Tuesday";"August";"Winter";3;2016
594;17;"Wednesday";"August";"Winter";3;2016
595;18;"Thursday";"August";"Winter";3;2016
596;19;"Friday";"August";"Winter";3;2016
597;20;"Saturday";"August";"Winter";3;2016
598;21;"Sunday";"August";"Winter";3;2016
599;22;"Monday";"August";"Winter";3;2016
600;23;"Tuesday";"August";"Winter";3;2016
601;24;"Wednesday";"August";"Winter";3;2016
602;25;"Thursday";"August";"Winter";3;2016
603;26;"Friday";"August";"Winter";3;2016
604;27;"Saturday";"August";"Winter";3;2016
605;28;"Sunday";"August";"Winter";3;2016
606;29;"Monday";"August";"Winter";3;2016
607;30;"Tuesday";"August";"Winter";3;2016
608;31;"Wednesday";"August";"Winter";3;2016
609;1;"Thursday";"September";"Spring";3;2016
610;2;"Friday";"September";"Spring";3;2016
611;3;"Saturday";"September";"Spring";3;2016
612;4;"Sunday";"September";"Spring";3;2016
613;5;"Monday";"September";"Spring";3;2016
614;6;"Tuesday";"September";"Spring";3;2016
615;7;"Wednesday";"September";"Spring";3;2016
616;8;"Thursday";"September";"Spring";3;2016
617;9;"Friday";"September";"Spring";3;2016
618;10;"Saturday";"September";"Spring";3;2016
619;11;"Sunday";"September";"Spring";3;2016
620;12;"Monday";"September";"Spring";3;2016
621;13;"Tuesday";"September";"Spring";3;2016
622;14;"Wednesday";"September";"Spring";3;2016
623;15;"Thursday";"September";"Spring";3;2016
624;16;"Friday";"September";"Spring";3;2016
625;17;"Saturday";"September";"Spring";3;2016
626;18;"Sunday";"September";"Spring";3;2016
627;19;"Monday";"September";"Spring";3;2016
628;20;"Tuesday";"September";"Spring";3;2016
629;21;"Wednesday";"September";"Spring";3;2016
630;22;"Thursday";"September";"Spring";3;2016
631;23;"Friday";"September";"Spring";3;2016
632;24;"Saturday";"September";"Spring";3;2016
633;25;"Sunday";"September";"Spring";3;2016
634;26;"Monday";"September";"Spring";3;2016
635;27;"Tuesday";"September";"Spring";3;2016
636;28;"Wednesday";"September";"Spring";3;2016
637;29;"Thursday";"September";"Spring";3;2016
638;30;"Friday";"September";"Spring";3;2016
639;1;"Saturday";"October";"Spring";4;2016
640;2;"Sunday";"October";"Spring";4;2016
641;3;"Monday";"October";"Spring";4;2016
642;4;"Tuesday";"October";"Spring";4;2016
643;5;"Wednesday";"October";"Spring";4;2016
644;6;"Thursday";"October";"Spring";4;2016
645;7;"Friday";"October";"Spring";4;2016
646;8;"Saturday";"October";"Spring";4;2016
647;9;"Sunday";"October";"Spring";4;2016
648;10;"Monday";"October";"Spring";4;2016
649;11;"Tuesday";"October";"Spring";4;2016
650;12;"Wednesday";"October";"Spring";4;2016
651;13;"Thursday";"October";"Spring";4;2016
652;14;"Friday";"October";"Spring";4;2016
653;15;"Saturday";"October";"Spring";4;2016
654;16;"Sunday";"October";"Spring";4;2016
655;17;"Monday";"October";"Spring";4;2016
656;18;"Tuesday";"October";"Spring";4;2016
657;19;"Wednesday";"October";"Spring";4;2016
658;20;"Thursday";"October";"Spring";4;2016
659;21;"Friday";"October";"Spring";4;2016
660;22;"Saturday";"October";"Spring";4;2016
661;23;"Sunday";"October";"Spring";4;2016
662;24;"Monday";"October";"Spring";4;2016
663;25;"Tuesday";"October";"Spring";4;2016
664;26;"Wednesday";"October";"Spring";4;2016
665;27;"Thursday";"October";"Spring";4;2016
666;28;"Friday";"October";"Spring";4;2016
667;29;"Saturday";"October";"Spring";4;2016
668;30;"Sunday";"October";"Spring";4;2016
669;31;"Monday";"October";"Spring";4;2016
670;1;"Tuesday";"November";"Spring";4;2016
671;2;"Wednesday";"November";"Spring";4;2016
672;3;"Thursday";"November";"Spring";4;2016
673;4;"Friday";"November";"Spring";4;2016
674;5;"Saturday";"November";"Spring";4;2016
675;6;"Sunday";"November";"Spring";4;2016
676;7;"Monday";"November";"Spring";4;2016
677;8;"Tuesday";"November";"Spring";4;2016
678;9;"Wednesday";"November";"Spring";4;2016
679;10;"Thursday";"November";"Spring";4;2016
680;11;"Friday";"November";"Spring";4;2016
681;12;"Saturday";"November";"Spring";4;2016
682;13;"Sunday";"November";"Spring";4;2016
683;14;"Monday";"November";"Spring";4;2016
684;15;"Tuesday";"November";"Spring";4;2016
685;16;"Wednesday";"November";"Spring";4;2016
686;17;"Thursday";"November";"Spring";4;2016
687;18;"Friday";"November";"Spring";4;2016
688;19;"Saturday";"November";"Spring";4;2016
689;20;"Sunday";"November";"Spring";4;2016
690;21;"Monday";"November";"Spring";4;2016
691;22;"Tuesday";"November";"Spring";4;2016
692;23;"Wednesday";"November";"Spring";4;2016
693;24;"Thursday";"November";"Spring";4;2016
694;25;"Friday";"November";"Spring";4;2016
695;26;"Saturday";"November";"Spring";4;2016
696;27;"Sunday";"November";"Spring";4;2016
697;28;"Monday";"November";"Spring";4;2016
698;29;"Tuesday";"November";"Spring";4;2016
699;30;"Wednesday";"November";"Spring";4;2016
700;1;"Thursday";"December";"Summer";4;2016
701;2;"Friday";"December";"Summer";4;2016
702;3;"Saturday";"December";"Summer";4;2016
703;4;"Sunday";"December";"Summer";4;2016
704;5;"Monday";"December";"Summer";4;2016
705;6;"Tuesday";"December";"Summer";4;2016
706;7;"Wednesday";"December";"Summer";4;2016
707;8;"Thursday";"December";"Summer";4;2016
708;9;"Friday";"December";"Summer";4;2016
709;10;"Saturday";"December";"Summer";4;2016
710;11;"Sunday";"December";"Summer";4;2016
711;12;"Monday";"December";"Summer";4;2016
712;13;"Tuesday";"December";"Summer";4;2016
713;14;"Wednesday";"December";"Summer";4;2016
714;15;"Thursday";"December";"Summer";4;2016
715;16;"Friday";"December";"Summer";4;2016
716;17;"Saturday";"December";"Summer";4;2016
717;18;"Sunday";"December";"Summer";4;2016
718;19;"Monday";"December";"Summer";4;2016
719;20;"Tuesday";"December";"Summer";4;2016
720;21;"Wednesday";"December";"Summer";4;2016
721;22;"Thursday";"December";"Summer";4;2016
722;23;"Friday";"December";"Summer";4;2016
723;24;"Saturday";"December";"Summer";4;2016
724;25;"Sunday";"December";"Summer";4;2016
725;26;"Monday";"December";"Summer";4;2016
726;27;"Tuesday";"December";"Summer";4;2016
727;28;"Wednesday";"December";"Summer";4;2016
728;29;"Thursday";"December";"Summer";4;2016
729;30;"Friday";"December";"Summer";4;2016
730;31;"Saturday";"December";"Summer";4;2016
731;1;"Sunday";"January";"Summer";1;2017
732;2;"Monday";"January";"Summer";1;2017
733;3;"Tuesday";"January";"Summer";1;2017
734;4;"Wednesday";"January";"Summer";1;2017
735;5;"Thursday";"January";"Summer";1;2017
736;6;"Friday";"January";"Summer";1;2017
737;7;"Saturday";"January";"Summer";1;2017
738;8;"Sunday";"January";"Summer";1;2017
739;9;"Monday";"January";"Summer";1;2017
740;10;"Tuesday";"January";"Summer";1;2017
741;11;"Wednesday";"January";"Summer";1;2017
742;12;"Thursday";"January";"Summer";1;2017
743;13;"Friday";"January";"Summer";1;2017
744;14;"Saturday";"January";"Summer";1;2017
745;15;"Sunday";"January";"Summer";1;2017
746;16;"Monday";"January";"Summer";1;2017
747;17;"Tuesday";"January";"Summer";1;2017
748;18;"Wednesday";"January";"Summer";1;2017
749;19;"Thursday";"January";"Summer";1;2017
750;20;"Friday";"January";"Summer";1;2017
751;21;"Saturday";"January";"Summer";1;2017
752;22;"Sunday";"January";"Summer";1;2017
753;23;"Monday";"January";"Summer";1;2017
754;24;"Tuesday";"January";"Summer";1;2017
755;25;"Wednesday";"January";"Summer";1;2017
756;26;"Thursday";"January";"Summer";1;2017
757;27;"Friday";"January";"Summer";1;2017
758;28;"Saturday";"January";"Summer";1;2017
759;29;"Sunday";"January";"Summer";1;2017
760;30;"Monday";"January";"Summer";1;2017
761;31;"Tuesday";"January";"Summer";1;2017
762;1;"Wednesday";"February";"Summer";1;2017
763;2;"Thursday";"February";"Summer";1;2017
764;3;"Friday";"February";"Summer";1;2017
765;4;"Saturday";"February";"Summer";1;2017
766;5;"Sunday";"February";"Summer";1;2017
767;6;"Monday";"February";"Summer";1;2017
768;7;"Tuesday";"February";"Summer";1;2017
769;8;"Wednesday";"February";"Summer";1;2017
770;9;"Thursday";"February";"Summer";1;2017
771;10;"Friday";"February";"Summer";1;2017
772;11;"Saturday";"February";"Summer";1;2017
773;12;"Sunday";"February";"Summer";1;2017
774;13;"Monday";"February";"Summer";1;2017
775;14;"Tuesday";"February";"Summer";1;2017
776;15;"Wednesday";"February";"Summer";1;2017
777;16;"Thursday";"February";"Summer";1;2017
778;17;"Friday";"February";"Summer";1;2017
779;18;"Saturday";"February";"Summer";1;2017
780;19;"Sunday";"February";"Summer";1;2017
781;20;"Monday";"February";"Summer";1;2017
782;21;"Tuesday";"February";"Summer";1;2017
783;22;"Wednesday";"February";"Summer";1;2017
784;23;"Thursday";"February";"Summer";1;2017
785;24;"Friday";"February";"Summer";1;2017
786;25;"Saturday";"February";"Summer";1;2017
787;26;"Sunday";"February";"Summer";1;2017
788;27;"Monday";"February";"Summer";1;2017
789;28;"Tuesday";"February";"Summer";1;2017
790;1;"Wednesday";"March";"Autumn";1;2017
791;2;"Thursday";"March";"Autumn";1;2017
792;3;"Friday";"March";"Autumn";1;2017
793;4;"Saturday";"March";"Autumn";1;2017
794;5;"Sunday";"March";"Autumn";1;2017
795;6;"Monday";"March";"Autumn";1;2017
796;7;"Tuesday";"March";"Autumn";1;2017
797;8;"Wednesday";"March";"Autumn";1;2017
798;9;"Thursday";"March";"Autumn";1;2017
799;10;"Friday";"March";"Autumn";1;2017
800;11;"Saturday";"March";"Autumn";1;2017
801;12;"Sunday";"March";"Autumn";1;2017
802;13;"Monday";"March";"Autumn";1;2017
803;14;"Tuesday";"March";"Autumn";1;2017
804;15;"Wednesday";"March";"Autumn";1;2017
805;16;"Thursday";"March";"Autumn";1;2017
806;17;"Friday";"March";"Autumn";1;2017
807;18;"Saturday";"March";"Autumn";1;2017
808;19;"Sunday";"March";"Autumn";1;2017
809;20;"Monday";"March";"Autumn";1;2017
810;21;"Tuesday";"March";"Autumn";1;2017
811;22;"Wednesday";"March";"Autumn";1;2017
812;23;"Thursday";"March";"Autumn";1;2017
813;24;"Friday";"March";"Autumn";1;2017
814;25;"Saturday";"March";"Autumn";1;2017
815;26;"Sunday";"March";"Autumn";1;2017
816;27;"Monday";"March";"Autumn";1;2017
817;28;"Tuesday";"March";"Autumn";1;2017
818;29;"Wednesday";"March";"Autumn";1;2017
819;30;"Thursday";"March";"Autumn";1;2017
820;31;"Friday";"March";"Autumn";1;2017
821;1;"Saturday";"April";"Autumn";2;2017
822;2;"Sunday";"April";"Autumn";2;2017
823;3;"Monday";"April";"Autumn";2;2017
824;4;"Tuesday";"April";"Autumn";2;2017
825;5;"Wednesday";"April";"Autumn";2;2017
826;6;"Thursday";"April";"Autumn";2;2017
827;7;"Friday";"April";"Autumn";2;2017
828;8;"Saturday";"April";"Autumn";2;2017
829;9;"Sunday";"April";"Autumn";2;2017
830;10;"Monday";"April";"Autumn";2;2017
831;11;"Tuesday";"April";"Autumn";2;2017
832;12;"Wednesday";"April";"Autumn";2;2017
833;13;"Thursday";"April";"Autumn";2;2017
834;14;"Friday";"April";"Autumn";2;2017
835;15;"Saturday";"April";"Autumn";2;2017
836;16;"Sunday";"April";"Autumn";2;2017
837;17;"Monday";"April";"Autumn";2;2017
838;18;"Tuesday";"April";"Autumn";2;2017
839;19;"Wednesday";"April";"Autumn";2;2017
840;20;"Thursday";"April";"Autumn";2;2017
841;21;"Friday";"April";"Autumn";2;2017
842;22;"Saturday";"April";"Autumn";2;2017
843;23;"Sunday";"April";"Autumn";2;2017
844;24;"Monday";"April";"Autumn";2;2017
845;25;"Tuesday";"April";"Autumn";2;2017
846;26;"Wednesday";"April";"Autumn";2;2017
847;27;"Thursday";"April";"Autumn";2;2017
848;28;"Friday";"April";"Autumn";2;2017
849;29;"Saturday";"April";"Autumn";2;2017
850;30;"Sunday";"April";"Autumn";2;2017
851;1;"Monday";"May";"Autumn";2;2017
852;2;"Tuesday";"May";"Autumn";2;2017
853;3;"Wednesday";"May";"Autumn";2;2017
854;4;"Thursday";"May";"Autumn";2;2017
855;5;"Friday";"May";"Autumn";2;2017
856;6;"Saturday";"May";"Autumn";2;2017
857;7;"Sunday";"May";"Autumn";2;2017
858;8;"Monday";"May";"Autumn";2;2017
859;9;"Tuesday";"May";"Autumn";2;2017
860;10;"Wednesday";"May";"Autumn";2;2017
861;11;"Thursday";"May";"Autumn";2;2017
862;12;"Friday";"May";"Autumn";2;2017
863;13;"Saturday";"May";"Autumn";2;2017
864;14;"Sunday";"May";"Autumn";2;2017
865;15;"Monday";"May";"Autumn";2;2017
866;16;"Tuesday";"May";"Autumn";2;2017
867;17;"Wednesday";"May";"Autumn";2;2017
868;18;"Thursday";"May";"Autumn";2;2017
869;19;"Friday";"May";"Autumn";2;2017
870;20;"Saturday";"May";"Autumn";2;2017
871;21;"Sunday";"May";"Autumn";2;2017
872;22;"Monday";"May";"Autumn";2;2017
873;23;"Tuesday";"May";"Autumn";2;2017
874;24;"Wednesday";"May";"Autumn";2;2017
875;25;"Thursday";"May";"Autumn";2;2017
876;26;"Friday";"May";"Autumn";2;2017
877;27;"Saturday";"May";"Autumn";2;2017
878;28;"Sunday";"May";"Autumn";2;2017
879;29;"Monday";"May";"Autumn";2;2017
880;30;"Tuesday";"May";"Autumn";2;2017
881;31;"Wednesday";"May";"Autumn";2;2017
882;1;"Thursday";"June";"Autumn";2;2017
883;2;"Friday";"June";"Winter";2;2017
884;3;"Saturday";"June";"Winter";2;2017
885;4;"Sunday";"June";"Winter";2;2017
886;5;"Monday";"June";"Winter";2;2017
887;6;"Tuesday";"June";"Winter";2;2017
888;7;"Wednesday";"June";"Winter";2;2017
889;8;"Thursday";"June";"Winter";2;2017
890;9;"Friday";"June";"Winter";2;2017
891;10;"Saturday";"June";"Winter";2;2017
892;11;"Sunday";"June";"Winter";2;2017
893;12;"Monday";"June";"Winter";2;2017
894;13;"Tuesday";"June";"Winter";2;2017
895;14;"Wednesday";"June";"Winter";2;2017
896;15;"Thursday";"June";"Winter";2;2017
897;16;"Friday";"June";"Winter";2;2017
898;17;"Saturday";"June";"Winter";2;2017
899;18;"Sunday";"June";"Winter";2;2017
900;19;"Monday";"June";"Winter";2;2017
901;20;"Tuesday";"June";"Winter";2;2017
902;21;"Wednesday";"June";"Winter";2;2017
903;22;"Thursday";"June";"Winter";2;2017
904;23;"Friday";"June";"Winter";2;2017
905;24;"Saturday";"June";"Winter";2;2017
906;25;"Sunday";"June";"Winter";2;2017
907;26;"Monday";"June";"Winter";2;2017
908;27;"Tuesday";"June";"Winter";2;2017
909;28;"Wednesday";"June";"Winter";2;2017
910;29;"Thursday";"June";"Winter";2;2017
911;30;"Friday";"June";"Winter";2;2017
912;1;"Saturday";"July";"Winter";3;2017
913;2;"Sunday";"July";"Winter";3;2017
914;3;"Monday";"July";"Winter";3;2017
915;4;"Tuesday";"July";"Winter";3;2017
916;5;"Wednesday";"July";"Winter";3;2017
917;6;"Thursday";"July";"Winter";3;2017
918;7;"Friday";"July";"Winter";3;2017
919;8;"Saturday";"July";"Winter";3;2017
920;9;"Sunday";"July";"Winter";3;2017
921;10;"Monday";"July";"Winter";3;2017
922;11;"Tuesday";"July";"Winter";3;2017
923;12;"Wednesday";"July";"Winter";3;2017
924;13;"Thursday";"July";"Winter";3;2017
925;14;"Friday";"July";"Winter";3;2017
926;15;"Saturday";"July";"Winter";3;2017
927;16;"Sunday";"July";"Winter";3;2017
928;17;"Monday";"July";"Winter";3;2017
929;18;"Tuesday";"July";"Winter";3;2017
930;19;"Wednesday";"July";"Winter";3;2017
931;20;"Thursday";"July";"Winter";3;2017
932;21;"Friday";"July";"Winter";3;2017
933;22;"Saturday";"July";"Winter";3;2017
934;23;"Sunday";"July";"Winter";3;2017
935;24;"Monday";"July";"Winter";3;2017
936;25;"Tuesday";"July";"Winter";3;2017
937;26;"Wednesday";"July";"Winter";3;2017
938;27;"Thursday";"July";"Winter";3;2017
939;28;"Friday";"July";"Winter";3;2017
940;29;"Saturday";"July";"Winter";3;2017
941;30;"Sunday";"July";"Winter";3;2017
942;31;"Monday";"July";"Winter";3;2017
943;1;"Tuesday";"August";"Winter";3;2017
944;2;"Wednesday";"August";"Winter";3;2017
945;3;"Thursday";"August";"Winter";3;2017
946;4;"Friday";"August";"Winter";3;2017
947;5;"Saturday";"August";"Winter";3;2017
948;6;"Sunday";"August";"Winter";3;2017
949;7;"Monday";"August";"Winter";3;2017
950;8;"Tuesday";"August";"Winter";3;2017
951;9;"Wednesday";"August";"Winter";3;2017
952;10;"Thursday";"August";"Winter";3;2017
953;11;"Friday";"August";"Winter";3;2017
954;12;"Saturday";"August";"Winter";3;2017
955;13;"Sunday";"August";"Winter";3;2017
956;14;"Monday";"August";"Winter";3;2017
957;15;"Tuesday";"August";"Winter";3;2017
958;16;"Wednesday";"August";"Winter";3;2017
959;17;"Thursday";"August";"Winter";3;2017
960;18;"Friday";"August";"Winter";3;2017
961;19;"Saturday";"August";"Winter";3;2017
962;20;"Sunday";"August";"Winter";3;2017
963;21;"Monday";"August";"Winter";3;2017
964;22;"Tuesday";"August";"Winter";3;2017
965;23;"Wednesday";"August";"Winter";3;2017
966;24;"Thursday";"August";"Winter";3;2017
967;25;"Friday";"August";"Winter";3;2017
968;26;"Saturday";"August";"Winter";3;2017
969;27;"Sunday";"August";"Winter";3;2017
970;28;"Monday";"August";"Winter";3;2017
971;29;"Tuesday";"August";"Winter";3;2017
972;30;"Wednesday";"August";"Winter";3;2017
973;31;"Thursday";"August";"Winter";3;2017
974;1;"Friday";"September";"Winter";3;2017
975;2;"Saturday";"September";"Winter";3;2017
976;3;"Sunday";"September";"Winter";3;2017
977;4;"Monday";"September";"Winter";3;2017
978;5;"Tuesday";"September";"Winter";3;2017
979;6;"Wednesday";"September";"Winter";3;2017
980;7;"Thursday";"September";"Winter";3;2017
981;8;"Friday";"September";"Winter";3;2017
982;9;"Saturday";"September";"Winter";3;2017
983;10;"Sunday";"September";"Winter";3;2017
984;11;"Monday";"September";"Winter";3;2017
985;12;"Tuesday";"September";"Winter";3;2017
986;13;"Wednesday";"September";"Winter";3;2017
987;14;"Thursday";"September";"Winter";3;2017
988;15;"Friday";"September";"Winter";3;2017
989;16;"Saturday";"September";"Winter";3;2017
990;17;"Sunday";"September";"Winter";3;2017
991;18;"Monday";"September";"Winter";3;2017
992;19;"Tuesday";"September";"Winter";3;2017
993;20;"Wednesday";"September";"Winter";3;2017
994;21;"Thursday";"September";"Winter";3;2017
995;22;"Friday";"September";"Winter";3;2017
996;23;"Saturday";"September";"Winter";3;2017
997;24;"Sunday";"September";"Winter";3;2017
998;25;"Monday";"September";"Winter";3;2017
999;26;"Tuesday";"September";"Winter";3;2017
1000;27;"Wednesday";"September";"Winter";3;2017
1001;28;"Thursday";"September";"Winter";3;2017
1002;29;"Friday";"September";"Winter";3;2017
1003;30;"Saturday";"September";"Winter";3;2017
1004;1;"Sunday";"October";"Spring";4;2017
1005;2;"Monday";"October";"Spring";4;2017
1006;3;"Tuesday";"October";"Spring";4;2017
1007;4;"Wednesday";"October";"Spring";4;2017
1008;5;"Thursday";"October";"Spring";4;2017
1009;6;"Friday";"October";"Spring";4;2017
1010;7;"Saturday";"October";"Spring";4;2017
1011;8;"Sunday";"October";"Spring";4;2017
1012;9;"Monday";"October";"Spring";4;2017
1013;10;"Tuesday";"October";"Spring";4;2017
1014;11;"Wednesday";"October";"Spring";4;2017
1015;12;"Thursday";"October";"Spring";4;2017
1016;13;"Friday";"October";"Spring";4;2017
1017;14;"Saturday";"October";"Spring";4;2017
1018;15;"Sunday";"October";"Spring";4;2017
1019;16;"Monday";"October";"Spring";4;2017
1020;17;"Tuesday";"October";"Spring";4;2017
1021;18;"Wednesday";"October";"Spring";4;2017
1022;19;"Thursday";"October";"Spring";4;2017
1023;20;"Friday";"October";"Spring";4;2017
1024;21;"Saturday";"October";"Spring";4;2017
1025;22;"Sunday";"October";"Spring";4;2017
1026;23;"Monday";"October";"Spring";4;2017
1027;24;"Tuesday";"October";"Spring";4;2017
1028;25;"Wednesday";"October";"Spring";4;2017
1029;26;"Thursday";"October";"Spring";4;2017
1030;27;"Friday";"October";"Spring";4;2017
1031;28;"Saturday";"October";"Spring";4;2017
1032;29;"Sunday";"October";"Spring";4;2017
1033;30;"Monday";"October";"Spring";4;2017
1034;31;"Tuesday";"October";"Spring";4;2017
1035;1;"Wednesday";"November";"Spring";4;2017
1036;2;"Thursday";"November";"Spring";4;2017
1037;3;"Friday";"November";"Spring";4;2017
1038;4;"Saturday";"November";"Spring";4;2017
1039;5;"Sunday";"November";"Spring";4;2017
1040;6;"Monday";"November";"Spring";4;2017
1041;7;"Tuesday";"November";"Spring";4;2017
1042;8;"Wednesday";"November";"Spring";4;2017
1043;9;"Thursday";"November";"Spring";4;2017
1044;10;"Friday";"November";"Spring";4;2017
1045;11;"Saturday";"November";"Spring";4;2017
1046;12;"Sunday";"November";"Spring";4;2017
1047;13;"Monday";"November";"Spring";4;2017
1048;14;"Tuesday";"November";"Spring";4;2017
1049;15;"Wednesday";"November";"Spring";4;2017
1050;16;"Thursday";"November";"Spring";4;2017
1051;17;"Friday";"November";"Spring";4;2017
1052;18;"Saturday";"November";"Spring";4;2017
1053;19;"Sunday";"November";"Spring";4;2017
1054;20;"Monday";"November";"Spring";4;2017
1055;21;"Tuesday";"November";"Spring";4;2017
1056;22;"Wednesday";"November";"Spring";4;2017
1057;23;"Thursday";"November";"Spring";4;2017
1058;24;"Friday";"November";"Spring";4;2017
1059;25;"Saturday";"November";"Spring";4;2017
1060;26;"Sunday";"November";"Spring";4;2017
1061;27;"Monday";"November";"Spring";4;2017
1062;28;"Tuesday";"November";"Spring";4;2017
1063;29;"Wednesday";"November";"Spring";4;2017
1064;30;"Thursday";"November";"Spring";4;2017
1065;1;"Friday";"December";"Summer";4;2017
1066;2;"Saturday";"December";"Summer";4;2017
1067;3;"Sunday";"December";"Summer";4;2017
1068;4;"Monday";"December";"Summer";4;2017
1069;5;"Tuesday";"December";"Summer";4;2017
1070;6;"Wednesday";"December";"Summer";4;2017
1071;7;"Thursday";"December";"Summer";4;2017
1072;8;"Friday";"December";"Summer";4;2017
1073;9;"Saturday";"December";"Summer";4;2017
1074;10;"Sunday";"December";"Summer";4;2017
1075;11;"Monday";"December";"Summer";4;2017
1076;12;"Tuesday";"December";"Summer";4;2017
1077;13;"Wednesday";"December";"Summer";4;2017
1078;14;"Thursday";"December";"Summer";4;2017
1079;15;"Friday";"December";"Summer";4;2017
1080;16;"Saturday";"December";"Summer";4;2017
1081;17;"Sunday";"December";"Summer";4;2017
1082;18;"Monday";"December";"Summer";4;2017
1083;19;"Tuesday";"December";"Summer";4;2017
1084;20;"Wednesday";"December";"Summer";4;2017
1085;21;"Thursday";"December";"Summer";4;2017
1086;22;"Friday";"December";"Summer";4;2017
1087;23;"Saturday";"December";"Summer";4;2017
1088;24;"Sunday";"December";"Summer";4;2017
1089;25;"Monday";"December";"Summer";4;2017
1090;26;"Tuesday";"December";"Summer";4;2017
1091;27;"Wednesday";"December";"Summer";4;2017
1092;28;"Thursday";"December";"Summer";4;2017
1093;29;"Friday";"December";"Summer";4;2017
1094;30;"Saturday";"December";"Summer";4;2017
1095;31;"Sunday";"December";"Summer";4;2017
1096;1;"Monday";"January";"Summer";1;2018
1097;2;"Tuesday";"January";"Summer";1;2018
1098;3;"Wednesday";"January";"Summer";1;2018
1099;4;"Thursday";"January";"Summer";1;2018
1100;5;"Friday";"January";"Summer";1;2018
1101;6;"Saturday";"January";"Summer";1;2018
1102;7;"Sunday";"January";"Summer";1;2018
1103;8;"Monday";"January";"Summer";1;2018
1104;9;"Tuesday";"January";"Summer";1;2018
1105;10;"Wednesday";"January";"Summer";1;2018
1106;11;"Thursday";"January";"Summer";1;2018
1107;12;"Friday";"January";"Summer";1;2018
1108;13;"Saturday";"January";"Summer";1;2018
1109;14;"Sunday";"January";"Summer";1;2018
1110;15;"Monday";"January";"Summer";1;2018
1111;16;"Tuesday";"January";"Summer";1;2018
1112;17;"Wednesday";"January";"Summer";1;2018
1113;18;"Thursday";"January";"Summer";1;2018
1114;19;"Friday";"January";"Summer";1;2018
1115;20;"Saturday";"January";"Summer";1;2018
1116;21;"Sunday";"January";"Summer";1;2018
1117;22;"Monday";"January";"Summer";1;2018
1118;23;"Tuesday";"January";"Summer";1;2018
1119;24;"Wednesday";"January";"Summer";1;2018
1120;25;"Thursday";"January";"Summer";1;2018
1121;26;"Friday";"January";"Summer";1;2018
1122;27;"Saturday";"January";"Summer";1;2018
1123;28;"Sunday";"January";"Summer";1;2018
1124;29;"Monday";"January";"Summer";1;2018
1125;30;"Tuesday";"January";"Summer";1;2018
1126;31;"Wednesday";"January";"Summer";1;2018
1127;1;"Thursday";"February";"Summer";1;2018
1128;2;"Friday";"February";"Summer";1;2018
1129;3;"Saturday";"February";"Summer";1;2018
1130;4;"Sunday";"February";"Summer";1;2018
1131;5;"Monday";"February";"Summer";1;2018
1132;6;"Tuesday";"February";"Summer";1;2018
1133;7;"Wednesday";"February";"Summer";1;2018
1134;8;"Thursday";"February";"Summer";1;2018
1135;9;"Friday";"February";"Summer";1;2018
1136;10;"Saturday";"February";"Summer";1;2018
1137;11;"Sunday";"February";"Summer";1;2018
1138;12;"Monday";"February";"Summer";1;2018
1139;13;"Tuesday";"February";"Summer";1;2018
1140;14;"Wednesday";"February";"Summer";1;2018
1141;15;"Thursday";"February";"Summer";1;2018
1142;16;"Friday";"February";"Summer";1;2018
1143;17;"Saturday";"February";"Summer";1;2018
1144;18;"Sunday";"February";"Summer";1;2018
1145;19;"Monday";"February";"Summer";1;2018
1146;20;"Tuesday";"February";"Summer";1;2018
1147;21;"Wednesday";"February";"Summer";1;2018
1148;22;"Thursday";"February";"Summer";1;2018
1149;23;"Friday";"February";"Summer";1;2018
1150;24;"Saturday";"February";"Summer";1;2018
1151;25;"Sunday";"February";"Summer";1;2018
1152;26;"Monday";"February";"Summer";1;2018
1153;27;"Tuesday";"February";"Summer";1;2018
1154;28;"Wednesday";"February";"Summer";1;2018
1155;1;"Thursday";"March";"Autumn";1;2018
1156;2;"Friday";"March";"Autumn";1;2018
1157;3;"Saturday";"March";"Autumn";1;2018
1158;4;"Sunday";"March";"Autumn";1;2018
1159;5;"Monday";"March";"Autumn";1;2018
1160;6;"Tuesday";"March";"Autumn";1;2018
1161;7;"Wednesday";"March";"Autumn";1;2018
1162;8;"Thursday";"March";"Autumn";1;2018
1163;9;"Friday";"March";"Autumn";1;2018
1164;10;"Saturday";"March";"Autumn";1;2018
1165;11;"Sunday";"March";"Autumn";1;2018
1166;12;"Monday";"March";"Autumn";1;2018
1167;13;"Tuesday";"March";"Autumn";1;2018
1168;14;"Wednesday";"March";"Autumn";1;2018
1169;15;"Thursday";"March";"Autumn";1;2018
1170;16;"Friday";"March";"Autumn";1;2018
1171;17;"Saturday";"March";"Autumn";1;2018
1172;18;"Sunday";"March";"Autumn";1;2018
1173;19;"Monday";"March";"Autumn";1;2018
1174;20;"Tuesday";"March";"Autumn";1;2018
1175;21;"Wednesday";"March";"Autumn";1;2018
1176;22;"Thursday";"March";"Autumn";1;2018
1177;23;"Friday";"March";"Autumn";1;2018
1178;24;"Saturday";"March";"Autumn";1;2018
1179;25;"Sunday";"March";"Autumn";1;2018
1180;26;"Monday";"March";"Autumn";1;2018
1181;27;"Tuesday";"March";"Autumn";1;2018
1182;28;"Wednesday";"March";"Autumn";1;2018
1183;29;"Thursday";"March";"Autumn";1;2018
1184;30;"Friday";"March";"Autumn";1;2018
1185;31;"Saturday";"March";"Autumn";1;2018
1186;1;"Sunday";"April";"Autumn";2;2018
1187;2;"Monday";"April";"Autumn";2;2018
1188;3;"Tuesday";"April";"Autumn";2;2018
1189;4;"Wednesday";"April";"Autumn";2;2018
1190;5;"Thursday";"April";"Autumn";2;2018
1191;6;"Friday";"April";"Autumn";2;2018
1192;7;"Saturday";"April";"Autumn";2;2018
1193;8;"Sunday";"April";"Autumn";2;2018
1194;9;"Monday";"April";"Autumn";2;2018
1195;10;"Tuesday";"April";"Autumn";2;2018
1196;11;"Wednesday";"April";"Autumn";2;2018
1197;12;"Thursday";"April";"Autumn";2;2018
1198;13;"Friday";"April";"Autumn";2;2018
1199;14;"Saturday";"April";"Autumn";2;2018
1200;15;"Sunday";"April";"Autumn";2;2018
1201;16;"Monday";"April";"Autumn";2;2018
1202;17;"Tuesday";"April";"Autumn";2;2018
1203;18;"Wednesday";"April";"Autumn";2;2018
1204;19;"Thursday";"April";"Autumn";2;2018
1205;20;"Friday";"April";"Autumn";2;2018
1206;21;"Saturday";"April";"Autumn";2;2018
1207;22;"Sunday";"April";"Autumn";2;2018
1208;23;"Monday";"April";"Autumn";2;2018
1209;24;"Tuesday";"April";"Autumn";2;2018
1210;25;"Wednesday";"April";"Autumn";2;2018
1211;26;"Thursday";"April";"Autumn";2;2018
1212;27;"Friday";"April";"Autumn";2;2018
1213;28;"Saturday";"April";"Autumn";2;2018
1214;29;"Sunday";"April";"Autumn";2;2018
1215;30;"Monday";"April";"Autumn";2;2018
1216;1;"Tuesday";"May";"Autumn";2;2018
1217;2;"Wednesday";"May";"Autumn";2;2018
1218;3;"Thursday";"May";"Autumn";2;2018
1219;4;"Friday";"May";"Autumn";2;2018
1220;5;"Saturday";"May";"Autumn";2;2018
1221;6;"Sunday";"May";"Autumn";2;2018
1222;7;"Monday";"May";"Autumn";2;2018
1223;8;"Tuesday";"May";"Autumn";2;2018
1224;9;"Wednesday";"May";"Autumn";2;2018
1225;10;"Thursday";"May";"Autumn";2;2018
1226;11;"Friday";"May";"Autumn";2;2018
1227;12;"Saturday";"May";"Autumn";2;2018
1228;13;"Sunday";"May";"Autumn";2;2018
1229;14;"Monday";"May";"Autumn";2;2018
1230;15;"Tuesday";"May";"Autumn";2;2018
1231;16;"Wednesday";"May";"Autumn";2;2018
1232;17;"Thursday";"May";"Autumn";2;2018
1233;18;"Friday";"May";"Autumn";2;2018
1234;19;"Saturday";"May";"Autumn";2;2018
1235;20;"Sunday";"May";"Autumn";2;2018
1236;21;"Monday";"May";"Autumn";2;2018
1237;22;"Tuesday";"May";"Autumn";2;2018
1238;23;"Wednesday";"May";"Autumn";2;2018
1239;24;"Thursday";"May";"Autumn";2;2018
1240;25;"Friday";"May";"Autumn";2;2018
1241;26;"Saturday";"May";"Autumn";2;2018
1242;27;"Sunday";"May";"Autumn";2;2018
1243;28;"Monday";"May";"Autumn";2;2018
1244;29;"Tuesday";"May";"Autumn";2;2018
1245;30;"Wednesday";"May";"Autumn";2;2018
1246;31;"Thursday";"May";"Autumn";2;2018
1247;1;"Friday";"June";"Winter";2;2018
1248;2;"Saturday";"June";"Winter";2;2018
1249;3;"Sunday";"June";"Winter";2;2018
1250;4;"Monday";"June";"Winter";2;2018
1251;5;"Tuesday";"June";"Winter";2;2018
1252;6;"Wednesday";"June";"Winter";2;2018
1253;7;"Thursday";"June";"Winter";2;2018
1254;8;"Friday";"June";"Winter";2;2018
1255;9;"Saturday";"June";"Winter";2;2018
1256;10;"Sunday";"June";"Winter";2;2018
1257;11;"Monday";"June";"Winter";2;2018
1258;12;"Tuesday";"June";"Winter";2;2018
1259;13;"Wednesday";"June";"Winter";2;2018
1260;14;"Thursday";"June";"Winter";2;2018
1261;15;"Friday";"June";"Winter";2;2018
1262;16;"Saturday";"June";"Winter";2;2018
1263;17;"Sunday";"June";"Winter";2;2018
1264;18;"Monday";"June";"Winter";2;2018
1265;19;"Tuesday";"June";"Winter";2;2018
1266;20;"Wednesday";"June";"Winter";2;2018
1267;21;"Thursday";"June";"Winter";2;2018
1268;22;"Friday";"June";"Winter";2;2018
1269;23;"Saturday";"June";"Winter";2;2018
1270;24;"Sunday";"June";"Winter";2;2018
1271;25;"Monday";"June";"Winter";2;2018
1272;26;"Tuesday";"June";"Winter";2;2018
1273;27;"Wednesday";"June";"Winter";2;2018
1274;28;"Thursday";"June";"Winter";2;2018
1275;29;"Friday";"June";"Winter";2;2018
1276;30;"Saturday";"June";"Winter";2;2018
1277;1;"Sunday";"July";"Winter";3;2018
1278;2;"Monday";"July";"Winter";3;2018
1279;3;"Tuesday";"July";"Winter";3;2018
1280;4;"Wednesday";"July";"Winter";3;2018
1281;5;"Thursday";"July";"Winter";3;2018
1282;6;"Friday";"July";"Winter";3;2018
1283;7;"Saturday";"July";"Winter";3;2018
1284;8;"Sunday";"July";"Winter";3;2018
1285;9;"Monday";"July";"Winter";3;2018
1286;10;"Tuesday";"July";"Winter";3;2018
1287;11;"Wednesday";"July";"Winter";3;2018
1288;12;"Thursday";"July";"Winter";3;2018
1289;13;"Friday";"July";"Winter";3;2018
1290;14;"Saturday";"July";"Winter";3;2018
1291;15;"Sunday";"July";"Winter";3;2018
1292;16;"Monday";"July";"Winter";3;2018
1293;17;"Tuesday";"July";"Winter";3;2018
1294;18;"Wednesday";"July";"Winter";3;2018
1295;19;"Thursday";"July";"Winter";3;2018
1296;20;"Friday";"July";"Winter";3;2018
1297;21;"Saturday";"July";"Winter";3;2018
1298;22;"Sunday";"July";"Winter";3;2018
1299;23;"Monday";"July";"Winter";3;2018
1300;24;"Tuesday";"July";"Winter";3;2018
1301;25;"Wednesday";"July";"Winter";3;2018
1302;26;"Thursday";"July";"Winter";3;2018
1303;27;"Friday";"July";"Winter";3;2018
1304;28;"Saturday";"July";"Winter";3;2018
1305;29;"Sunday";"July";"Winter";3;2018
1306;30;"Monday";"July";"Winter";3;2018
1307;31;"Tuesday";"July";"Winter";3;2018
1308;1;"Wednesday";"August";"Winter";3;2018
1309;2;"Thursday";"August";"Winter";3;2018
1310;3;"Friday";"August";"Winter";3;2018
1311;4;"Saturday";"August";"Winter";3;2018
1312;5;"Sunday";"August";"Winter";3;2018
1313;6;"Monday";"August";"Winter";3;2018
1314;7;"Tuesday";"August";"Winter";3;2018
1315;8;"Wednesday";"August";"Winter";3;2018
1316;9;"Thursday";"August";"Winter";3;2018
1317;10;"Friday";"August";"Winter";3;2018
1318;11;"Saturday";"August";"Winter";3;2018
1319;12;"Sunday";"August";"Winter";3;2018
1320;13;"Monday";"August";"Winter";3;2018
1321;14;"Tuesday";"August";"Winter";3;2018
1322;15;"Wednesday";"August";"Winter";3;2018
1323;16;"Thursday";"August";"Winter";3;2018
1324;17;"Friday";"August";"Winter";3;2018
1325;18;"Saturday";"August";"Winter";3;2018
1326;19;"Sunday";"August";"Winter";3;2018
1327;20;"Monday";"August";"Winter";3;2018
1328;21;"Tuesday";"August";"Winter";3;2018
1329;22;"Wednesday";"August";"Winter";3;2018
1330;23;"Thursday";"August";"Winter";3;2018
1331;24;"Friday";"August";"Winter";3;2018
1332;25;"Saturday";"August";"Winter";3;2018
1333;26;"Sunday";"August";"Winter";3;2018
1334;27;"Monday";"August";"Winter";3;2018
1335;28;"Tuesday";"August";"Winter";3;2018
1336;29;"Wednesday";"August";"Winter";3;2018
1337;30;"Thursday";"August";"Winter";3;2018
1338;31;"Friday";"August";"Winter";3;2018
1339;1;"Saturday";"September";"Spring";3;2018
1340;2;"Sunday";"September";"Spring";3;2018
1341;3;"Monday";"September";"Spring";3;2018
1342;4;"Tuesday";"September";"Spring";3;2018
1343;5;"Wednesday";"September";"Spring";3;2018
1344;6;"Thursday";"September";"Spring";3;2018
1345;7;"Friday";"September";"Spring";3;2018
1346;8;"Saturday";"September";"Spring";3;2018
1347;9;"Sunday";"September";"Spring";3;2018
1348;10;"Monday";"September";"Spring";3;2018
1349;11;"Tuesday";"September";"Spring";3;2018
1350;12;"Wednesday";"September";"Spring";3;2018
1351;13;"Thursday";"September";"Spring";3;2018
1352;14;"Friday";"September";"Spring";3;2018
1353;15;"Saturday";"September";"Spring";3;2018
1354;16;"Sunday";"September";"Spring";3;2018
1355;17;"Monday";"September";"Spring";3;2018
1356;18;"Tuesday";"September";"Spring";3;2018
1357;19;"Wednesday";"September";"Spring";3;2018
1358;20;"Thursday";"September";"Spring";3;2018
1359;21;"Friday";"September";"Spring";3;2018
1360;22;"Saturday";"September";"Spring";3;2018
1361;23;"Sunday";"September";"Spring";3;2018
1362;24;"Monday";"September";"Spring";3;2018
1363;25;"Tuesday";"September";"Spring";3;2018
1364;26;"Wednesday";"September";"Spring";3;2018
1365;27;"Thursday";"September";"Spring";3;2018
1366;28;"Friday";"September";"Spring";3;2018
1367;29;"Saturday";"September";"Spring";3;2018
1368;30;"Sunday";"September";"Spring";3;2018
1369;1;"Monday";"October";"Spring";4;2018
1370;2;"Tuesday";"October";"Spring";4;2018
1371;3;"Wednesday";"October";"Spring";4;2018
1372;4;"Thursday";"October";"Spring";4;2018
1373;5;"Friday";"October";"Spring";4;2018
1374;6;"Saturday";"October";"Spring";4;2018
1375;7;"Sunday";"October";"Spring";4;2018
1376;8;"Monday";"October";"Spring";4;2018
1377;9;"Tuesday";"October";"Spring";4;2018
1378;10;"Wednesday";"October";"Spring";4;2018
1379;11;"Thursday";"October";"Spring";4;2018
1380;12;"Friday";"October";"Spring";4;2018
1381;13;"Saturday";"October";"Spring";4;2018
1382;14;"Sunday";"October";"Spring";4;2018
1383;15;"Monday";"October";"Spring";4;2018
1384;16;"Tuesday";"October";"Spring";4;2018
1385;17;"Wednesday";"October";"Spring";4;2018
1386;18;"Thursday";"October";"Spring";4;2018
1387;19;"Friday";"October";"Spring";4;2018
1388;20;"Saturday";"October";"Spring";4;2018
1389;21;"Sunday";"October";"Spring";4;2018
1390;22;"Monday";"October";"Spring";4;2018
1391;23;"Tuesday";"October";"Spring";4;2018
1392;24;"Wednesday";"October";"Spring";4;2018
1393;25;"Thursday";"October";"Spring";4;2018
1394;26;"Friday";"October";"Spring";4;2018
1395;27;"Saturday";"October";"Spring";4;2018
1396;28;"Sunday";"October";"Spring";4;2018
1397;29;"Monday";"October";"Spring";4;2018
1398;30;"Tuesday";"October";"Spring";4;2018
1399;31;"Wednesday";"October";"Spring";4;2018
1400;1;"Thursday";"November";"Spring";4;2018
1401;2;"Friday";"November";"Spring";4;2018
1402;3;"Saturday";"November";"Spring";4;2018
1403;4;"Sunday";"November";"Spring";4;2018
1404;5;"Monday";"November";"Spring";4;2018
1405;6;"Tuesday";"November";"Spring";4;2018
1406;7;"Wednesday";"November";"Spring";4;2018
1407;8;"Thursday";"November";"Spring";4;2018
1408;9;"Friday";"November";"Spring";4;2018
1409;10;"Saturday";"November";"Spring";4;2018
1410;11;"Sunday";"November";"Spring";4;2018
1411;12;"Monday";"November";"Spring";4;2018
1412;13;"Tuesday";"November";"Spring";4;2018
1413;14;"Wednesday";"November";"Spring";4;2018
1414;15;"Thursday";"November";"Spring";4;2018
1415;16;"Friday";"November";"Spring";4;2018
1416;17;"Saturday";"November";"Spring";4;2018
1417;18;"Sunday";"November";"Spring";4;2018
1418;19;"Monday";"November";"Spring";4;2018
1419;20;"Tuesday";"November";"Spring";4;2018
1420;21;"Wednesday";"November";"Spring";4;2018
1421;22;"Thursday";"November";"Spring";4;2018
1422;23;"Friday";"November";"Spring";4;2018
1423;24;"Saturday";"November";"Spring";4;2018
1424;25;"Sunday";"November";"Spring";4;2018
1425;26;"Monday";"November";"Spring";4;2018
1426;27;"Tuesday";"November";"Spring";4;2018
1427;28;"Wednesday";"November";"Spring";4;2018
1428;29;"Thursday";"November";"Spring";4;2018
1429;30;"Friday";"November";"Spring";4;2018
1430;1;"Saturday";"December";"Summer";4;2018
1431;2;"Sunday";"December";"Summer";4;2018
1432;3;"Monday";"December";"Summer";4;2018
1433;4;"Tuesday";"December";"Summer";4;2018
1434;5;"Wednesday";"December";"Summer";4;2018
1435;6;"Thursday";"December";"Summer";4;2018
1436;7;"Friday";"December";"Summer";4;2018
1437;8;"Saturday";"December";"Summer";4;2018
1438;9;"Sunday";"December";"Summer";4;2018
1439;10;"Monday";"December";"Summer";4;2018
1440;11;"Tuesday";"December";"Summer";4;2018
1441;12;"Wednesday";"December";"Summer";4;2018
1442;13;"Thursday";"December";"Summer";4;2018
1443;14;"Friday";"December";"Summer";4;2018
1444;15;"Saturday";"December";"Summer";4;2018
1445;16;"Sunday";"December";"Summer";4;2018
1446;17;"Monday";"December";"Summer";4;2018
1447;18;"Tuesday";"December";"Summer";4;2018
1448;19;"Wednesday";"December";"Summer";4;2018
1449;20;"Thursday";"December";"Summer";4;2018
1450;21;"Friday";"December";"Summer";4;2018
1451;22;"Saturday";"December";"Summer";4;2018
1452;23;"Sunday";"December";"Summer";4;2018
1453;24;"Monday";"December";"Summer";4;2018
1454;25;"Tuesday";"December";"Summer";4;2018
1455;26;"Wednesday";"December";"Summer";4;2018
1456;27;"Thursday";"December";"Summer";4;2018
1457;28;"Friday";"December";"Summer";4;2018
1458;29;"Saturday";"December";"Summer";4;2018
1459;30;"Sunday";"December";"Summer";4;2018
1460;31;"Monday";"December";"Summer";4;2018
